Time(hour);Density (g/cm3)
0;1.0235625
24;1.02374
48;1.023335
60;1.0239
66;1.025672

